table	pitr_status
RapidCortexRingAccounts-dev	ENABLED
RapidCortexRingCitizenOwners-dev	ENABLED
RapidCortexRingDevices-dev	ENABLED
RapidCortexRingHomeownerParticipants-dev	ENABLED
RapidCortexRingUnclaimedTokens-dev	ENABLED
RingEmergencyCameraRequests-dev	ENABLED
RingEmergencyCameraSessions-dev	ENABLED
rapid-cortex-access-overrides-dev	ENABLED
rapid-cortex-active-calls-dev	ENABLED
rapid-cortex-agencies-dev	ENABLED
rapid-cortex-agency-billing-configs-dev	ENABLED
rapid-cortex-agency-relationships-dev	ENABLED
rapid-cortex-agency-reports-dev	ENABLED
rapid-cortex-agency-share-partners-dev	ENABLED
rapid-cortex-agency-subscriptions-dev	ENABLED
rapid-cortex-analyses-dev	ENABLED
rapid-cortex-api-clients-dev	ENABLED
rapid-cortex-audit-dev	ENABLED
rapid-cortex-automated-invoices-dev	ENABLED
rapid-cortex-billing-audit-events-dev	ENABLED
rapid-cortex-billing-audit-log-dev	ENABLED
rapid-cortex-billing-profiles-dev	ENABLED
rapid-cortex-billing-runs-dev	ENABLED
rapid-cortex-billing-schedules-dev	ENABLED
rapid-cortex-billing-webhook-events-dev	ENABLED
rapid-cortex-cad-bridge-audit-dev	ENABLED
rapid-cortex-cad-bridge-buffer-dev	ENABLED
rapid-cortex-cad-bridge-circuit-breaker-dev	ENABLED
rapid-cortex-cad-bridge-config-dev	ENABLED
rapid-cortex-cad-bridge-loop-guard-dev	ENABLED
rapid-cortex-cad-bridge-sync-dev	ENABLED
rapid-cortex-cad-cap-incidents-dev	ENABLED
rapid-cortex-cad-connector-audit-dev	ENABLED
rapid-cortex-cad-connector-writebacks-dev	ENABLED
rapid-cortex-cad-connectors-dev	ENABLED
rapid-cortex-cad-incidents-dev	ENABLED
rapid-cortex-cad-incidents-raw-dev	ENABLED
rapid-cortex-cad-integrations-dev	ENABLED
rapid-cortex-cad-unified-incidents-dev	ENABLED
rapid-cortex-cad-webhook-rate-dev	ENABLED
rapid-cortex-cad-writeback-audit-dev	ENABLED
rapid-cortex-call-assist-dev	ENABLED
rapid-cortex-call-transfers-dev	ENABLED
rapid-cortex-camera-oauth-states-dev	ENABLED
rapid-cortex-camera-provider-tokens-dev	ENABLED
rapid-cortex-cameras-dev	ENABLED
rapid-cortex-campus-camera-registry-dev	ENABLED
rapid-cortex-campus-config-dev	ENABLED
rapid-cortex-campus-incidents-dev	ENABLED
rapid-cortex-campus-notification-log-dev	ENABLED
rapid-cortex-channel-config-dev	ENABLED
rapid-cortex-clery-act-dev	ENABLED
rapid-cortex-coaching-notes-dev	ENABLED
rapid-cortex-conferences-dev	ENABLED
rapid-cortex-connect-access-log-dev	ENABLED
rapid-cortex-connect-evidence-dev	ENABLED
rapid-cortex-connect-registry-dev	ENABLED
rapid-cortex-connect-sessions-dev	ENABLED
rapid-cortex-contact-companies-dev	ENABLED
rapid-cortex-contact-persons-dev	ENABLED
rapid-cortex-customers-dev	ENABLED
rapid-cortex-data-deletion-audit-dev	ENABLED
rapid-cortex-deception-events-dev	ENABLED
rapid-cortex-dev-AppSamStackV2-1BR5EYUP7MO39-CadWebhookIdempotencyTable-10GHGGNCP32LG	ENABLED
rapid-cortex-dispatcher-coaching-notes-dev	ENABLED
rapid-cortex-escalation-audit-dev	ENABLED
rapid-cortex-escalations-dev	ENABLED
rapid-cortex-external-api-rate-dev	ENABLED
rapid-cortex-field-command-dev	ENABLED
rapid-cortex-guardian-events-dev	ENABLED
rapid-cortex-hospital-capacity-dev	ENABLED
rapid-cortex-hospital-prealerts-dev	ENABLED
rapid-cortex-hospital-profiles-dev	ENABLED
rapid-cortex-hospitals-dev	ENABLED
rapid-cortex-incident-channel-assignments-dev	ENABLED
rapid-cortex-incident-media-dev	ENABLED
rapid-cortex-incident-reports-dev	ENABLED
rapid-cortex-incident-shares-dev	ENABLED
rapid-cortex-incident-timeline-dev	ENABLED
rapid-cortex-incidents-dev	ENABLED
rapid-cortex-invites-dev	ENABLED
rapid-cortex-invoice-items-dev	ENABLED
rapid-cortex-invoices-dev	ENABLED
rapid-cortex-job-applications-dev	ENABLED
rapid-cortex-job-postings-dev	ENABLED
rapid-cortex-language-sessions-dev	ENABLED
rapid-cortex-live-video-sessions-dev	ENABLED
rapid-cortex-location-tokens-dev	ENABLED
rapid-cortex-marketing-leads-dev	ENABLED
rapid-cortex-monetization-addons-dev	ENABLED
rapid-cortex-monetization-invoices-dev	ENABLED
rapid-cortex-monetization-plans-dev	ENABLED
rapid-cortex-nest-citizen-accounts-dev	ENABLED
rapid-cortex-nest-consent-dev	ENABLED
rapid-cortex-nest-oauth-state-dev	ENABLED
rapid-cortex-nest-tokens-dev	ENABLED
rapid-cortex-network-emergency-overrides-dev	ENABLED
rapid-cortex-ng911-assist-dev	ENABLED
rapid-cortex-non-emergency-queue-dev	ENABLED
rapid-cortex-payment-records-dev	ENABLED
rapid-cortex-pending-provisions-dev	ENABLED
rapid-cortex-physical-security-dev	ENABLED
rapid-cortex-pinpoint-links-dev	ENABLED
rapid-cortex-platform-notice-acks-dev	ENABLED
rapid-cortex-platform-notices-dev	ENABLED
rapid-cortex-platform-settings-dev	ENABLED
rapid-cortex-post-incident-reviews-dev	ENABLED
rapid-cortex-premise-notes-dev	ENABLED
rapid-cortex-pricing-audit-dev	ENABLED
rapid-cortex-pricing-config-dev	ENABLED
rapid-cortex-pricing-dev	ENABLED
rapid-cortex-psap-prospects-dev	ENABLED
rapid-cortex-push-subscriptions-dev	ENABLED
rapid-cortex-qa-scorecards-dev	ENABLED
rapid-cortex-qa-sessions-dev	ENABLED
rapid-cortex-qa-templates-dev	ENABLED
rapid-cortex-qr-locations-dev	ENABLED
rapid-cortex-qr-nfc-codes-dev	ENABLED
rapid-cortex-rapid-iq-contacts-dev	ENABLED
rapid-cortex-rapid-iq-jurisdictions-dev	ENABLED
rapid-cortex-rapid-iq-opportunities-dev	ENABLED
rapid-cortex-rapid-iq-pipeline-signals-dev	ENABLED
rapid-cortex-rapid-iq-signals-dev	ENABLED
rapid-cortex-rapid-iq-sources-dev	ENABLED
rapid-cortex-rapid-iq-state-coverage-dev	ENABLED
rapid-cortex-rc-lite-api-keys-dev	ENABLED
rapid-cortex-rc-lite-rate-limit-dev	ENABLED
rapid-cortex-rc-lite-usage-dev	ENABLED
rapid-cortex-rcs-calls-dev	ENABLED
rapid-cortex-rcs-escalation-dev	ENABLED
rapid-cortex-rcs-units-dev	ENABLED
rapid-cortex-safe-sound-devices-dev	ENABLED
rapid-cortex-sales-leads-dev	ENABLED
rapid-cortex-seo-intelligence-dev	ENABLED
rapid-cortex-service-catalog-dev	ENABLED
rapid-cortex-silent-text-sessions-dev	ENABLED
rapid-cortex-sla-backlog-snapshots-dev	ENABLED
rapid-cortex-sms-routing-dev	ENABLED
rapid-cortex-sop-library-dev	ENABLED
rapid-cortex-sop-patterns-dev	ENABLED
rapid-cortex-sop-pending-dev	ENABLED
rapid-cortex-sop-reports-dev	ENABLED
rapid-cortex-staffing-forecast-dev	ENABLED
rapid-cortex-stakeholder-pages-dev	ENABLED
rapid-cortex-support-tickets-dev	ENABLED
rapid-cortex-surge-clusters-dev	ENABLED
rapid-cortex-tenant-pricing-overrides-dev	ENABLED
rapid-cortex-transcripts-dev	ENABLED
rapid-cortex-transit-camera-registry-dev	ENABLED
rapid-cortex-transit-config-dev	ENABLED
rapid-cortex-transit-incidents-dev	ENABLED
rapid-cortex-transit-operators-dev	ENABLED
rapid-cortex-transit-reports-dev	ENABLED
rapid-cortex-transit-routes-dev	ENABLED
rapid-cortex-transit-stations-dev	ENABLED
rapid-cortex-transit-vehicles-dev	ENABLED
rapid-cortex-translate-segments-dev	ENABLED
rapid-cortex-translate-sessions-dev	ENABLED
rapid-cortex-trauma-flags-dev	ENABLED
rapid-cortex-usage-meters-dev	ENABLED
rapid-cortex-usage-snapshots-dev	ENABLED
rapid-cortex-venue-assets-dev	ENABLED
rapid-cortex-venue-camera-access-log-dev	ENABLED
rapid-cortex-venue-camera-registry-dev	ENABLED
rapid-cortex-venue-config-dev	ENABLED
rapid-cortex-venue-facilities-dev	ENABLED
rapid-cortex-venue-incident-overlays-dev	ENABLED
rapid-cortex-venue-notification-log-dev	ENABLED
rapid-cortex-vertical-alerts-dev	ENABLED
rapid-cortex-video-assist-sessions-dev	ENABLED
rapid-cortex-video-clips-dev	ENABLED
rapid-cortex-video-wall-configs-dev	ENABLED
rapid-cortex-vision-cameras-dev	ENABLED
rapid-cortex-vision-events-dev	ENABLED
rapid-cortex-vision-observations-dev	ENABLED
rapid-cortex-vision-owner-consent-dev	ENABLED
rapid-cortex-vision-sessions-dev	ENABLED
rapid-cortex-vision-transcripts-dev	ENABLED
rapid-cortex-war-room-messages-dev	ENABLED
rapid-cortex-war-rooms-dev	ENABLED
rapid-cortex-webhooks-dev	ENABLED
rapid-cortex-websocket-connections-dev	ENABLED
